how do i disable the vehicle stability control,out_of_scope
how do i control a phone,out_of_scope
how do i connect USB device,out_of_scope
how do i connect my phone,out_of_scope
how do i close the window,out_of_scope
how do i clean the vehicle,out_of_scope
how do i change the oil,out_of_scope
how do i change the lights bulb,out_of_scope
how do i change the headlight bulbs,out_of_scope
how do i resume cruise control,out_of_scope
how do i resume the cruise speed,out_of_scope
how do i resume the vehicle speed,out_of_scope
how do i save my favourite radio station,out_of_scope
how do i save the seat position,out_of_scope
how do i scroll the screen,out_of_scope
how do i select a desired track on the iPod,out_of_scope
how do i select the song on the iPod,out_of_scope
how do i set the adaptive cruise control speed,out_of_scope
how do i set the cruise speed,out_of_scope
how to change engine oil,out_of_scope
how to adjust the vehicle to vehicle distance,out_of_scope
how often should i change the oil,out_of_scope
How frequently should I change the oil,out_of_scope
how do i wash the car,out_of_scope
how do i use the traction control,out_of_scope
how do i use the pre collision system,out_of_scope
how do i use the iPod,out_of_scope
how do i turn on high beams,out_of_scope
how do i turn on the alarm,out_of_scope
how do i turn on the cruise control,out_of_scope
how do i turn on the fog lamps,out_of_scope
How do I turn on the high-beams,out_of_scope
how do i turn on the pre collision system,out_of_scope
how do i turn on the traction control,out_of_scope
how do i turn on traffic info,out_of_scope
how do i turn on windscreen washer,out_of_scope
how do i unlock the windows,out_of_scope
How do I use cruise control,out_of_scope
how do i use the blind spot monitor,out_of_scope
how do i use the electric power steering,out_of_scope
how do i change oil,out_of_scope
how do i cancel cruise control,out_of_scope
how do i browse the tracks on the iPod,out_of_scope
how do i arm the alarm,out_of_scope
how do i adjust the vehicle distance,out_of_scope
how do i adjust the rear view mirror,out_of_scope
how do i adjust the mirror inside,out_of_scope
how do i adjust the mirror,out_of_scope
how do i adjust the cruise control speed,out_of_scope
how do i adjust head restraint,out_of_scope
how do i adjust exterior mirrors,out_of_scope
how can i replace light bulb,out_of_scope
how can i lock the car,out_of_scope
how can i find current level of oil,out_of_scope
how can i connect the phone,out_of_scope
"Hi, I cannot find the button for emergency lamp",out_of_scope
"Hi, how can I check my tire pressure?",out_of_scope
fuel tank flap,out_of_scope
coolant level,out_of_scope
checking the engine oil,out_of_scope
changing the light bulb,out_of_scope
changing gears,out_of_scope
change bulb,out_of_scope
Can I play music through bluetooth from my phone,out_of_scope
bluetooth,out_of_scope
how can i change oil,out_of_scope
Where is the fuse box located,out_of_scope
Where is the fuse box,out_of_scope
where can i start air conditioning,out_of_scope
where are the lights,out_of_scope
where are fog lights,out_of_scope
what type of oil do i need,out_of_scope
what's the tires pressure,out_of_scope
What PSI do I inflate the spare tire to,out_of_scope
what kind of fuel should i use,out_of_scope
what kind of fuel does the car require,out_of_scope
what is the vehicle stability control,out_of_scope
what is the traction control,out_of_scope
what is the pre collision system,out_of_scope
what are the crash ratings,out_of_scope
turn off traffic info,out_of_scope
switch on fog light,out_of_scope
show me how to change the light bulbs,out_of_scope
refilling the engine coolant,out_of_scope
parking brake,out_of_scope
operating the radio,out_of_scope
opening the windows,out_of_scope
low coolant,out_of_scope
how do i fill in the engine oil,out_of_scope
Is there a warning light for low washer fluid,out_of_scope
Is there an automatic parallel park feature,out_of_scope
Is there a lane change assist feature,out_of_scope
how to turn on warning lights,out_of_scope
how to switch on the fog lights,out_of_scope
how to replace light bulbs,out_of_scope
How to connect bluetooth,out_of_scope
How do I program my radio stations,out_of_scope
how to change oil,out_of_scope
how do i set the vehicle speed,out_of_scope
how do i switch on the cruise control,out_of_scope
how do i tune the radio,out_of_scope
how do i turn off ambient lights,out_of_scope
how do i turn off the alarm,out_of_scope
how do i turn off the cruise control,out_of_scope
how do i turn off the high beams,out_of_scope
how do i turn off the traction control,out_of_scope
how do i turn off voice guidance,out_of_scope
how do i turn on adaptive cruise control,out_of_scope
how do i turn on ambient lights,out_of_scope
how do i turn on cruise control,out_of_scope
how do i turn on front seat heating,out_of_scope
how do i turn on headlamps,out_of_scope
how to change the oil,out_of_scope
how do i refill the engine oil,out_of_scope
how do i play the track on the iPod,out_of_scope
how do i play an iPod,out_of_scope
how do i pause song in my iPod,out_of_scope
How do I pair my iPhone to the radio,out_of_scope
How do I pair my android phone to the radio,out_of_scope
how do i open the window,out_of_scope
how do i open the tank fuel,out_of_scope
how do i open the side window,out_of_scope
how do i open the rear window,out_of_scope
how do i open the power windows,out_of_scope
how do i open the fuel filler flap,out_of_scope
how do i open the doors,out_of_scope
how do i lock the windows to prevent children from opening,out_of_scope
how do i lock the windows,out_of_scope
how do i lock the window,out_of_scope
how do i find the fuel consumption,out_of_scope
light bulbs replacement,out_of_scope
